,Epitope species,Epitope gene,Epitope,MHC,Samples,Positives
0,Experimental autoimmune encephalomyelitis (EAE),-,ACASQKRPSQR,H-2u,42,21
1,HomoSapiens,GANAB,ALYGFVPVL,HLA-A*02:01,60,30
2,IAV,NP,ASNENMETM,H2-Db,570,285
3,HCV,NS3,ATDALMTGY,HLA-A*01,306,153
4,HCV,NS3,CINGVCWTV,HLA-A*02,86,43
5,CMV,IE-1,CRVLCCYVL,HLA-C*07:02,870,435
6,InfluenzaA,NP,CTELKLSDY,HLA-A*01:01,48,24
7,SIV,Gag,CTPYDINQM,Mamu-A*01,304,152
8,InfluenzaA,NP,DATYQRTRALVR,HLA-A*68:01,54,27
9,HomoSapiens,MLANA,EAAGIGILTV,HLA-A*02:01:48,566,283
10,HIV-1,Gag,EIYKRWII,HLA-B*08,188,94
11,HomoSapiens,MLANA,ELAGIGILTV,HLA-A*02,576,288
12,EBV,BZLF1,EPLPQGQLTAY,HLA-B*35:01,60,30
13,Tumor associated antigen (TAA),-,FLCMKALLL,HLA-A2:01,272,136
14,HIV-1,Nef,FLKEKGGL,HLA-B*08,180,90
15,HIV-1,Vpr,FPRPWLHGL,HLA-B*42:01,190,95
16,CMV,UL29/28,FRCPRRFCF,HLA-C*07:02,532,266
17,IAV,M1,GILGFVFTL,HLA-A*02:01,2560,1280
18,EBV,BMLF,GLCTLVAML,HLA-A*02:01,1858,929
19,HIV-1,Gag,GPGHKARVL,HLA-B*07:02,112,56
20,DENV3/4,NS3,GTSGSPIINR,HLA-A*11:01,96,48
21,DENV1,NS3,GTSGSPIVNR,HLA-A*11:01,124,62
22,mCMV,M45,HGIRNASFI,H2-Db,402,201
23,HIV-1,Vif,HPKVSSEVHI,HLA-B*42:01,126,63
24,EBV,EBNA1,HPVGEADYFEY,HLA-B*35:01,68,34
25,HCV,NS3,HSKKKCDEL,HLA-B*08:01:29,88,44
26,HIV-1,Pol,IIKDYGKQM,HLA-B*42:01,72,36
27,Tumor associated antigen (TAA),-,IMNDMPIYM,HLA-A2:01,110,55
28,CMV,pp65,IPSINVHHY,HLA-B*35:01,150,75
29,HIV-1,Pol,ISPRTLNAW,HLA-B*57,60,30
30,EBV,EBNA4,IVTDFSVIK,HLA-A*11:01,72,36
31,HIV-1,Gag,KAFSPEVIPMF,HLA-B*57:06,344,172
32,HCV,NS3,KLVALGINAV,HLA-A*02,188,94
33,Neoantigen,-,KLWASPLHV,HLA-A2,48,24
34,Neoantigen,-,KMVAVFYTT,HLA-A2,94,47
35,HIV-1,Gag,KRWIILGLNK,HLA-B*27:05,464,232
36,HIV-1,Gag,KRWIIMGLNK,HLA-B*27:05,80,40
37,HTLV-1,Tax,LLFGYPVYV,HLA-A*02:01:59,52,26
38,YFV,NS4B,LLWNGPMAV,HLA-A*02,478,239
39,HIV-1,Pol,LPPIVAKEI,HLA-B*42:01,128,64
40,InfluenzaA,NP,LPRRSGAAGA,HLA-B*07:02,4284,2142
41,IAV,F2,LSLRNPILV,H2-Db,372,186
42,CMV,pp65,MLNIPSINV,HLA-A*02,92,46
43,CMV,IE2,NEGVKAAW,HLA-B*44:03:08,124,62
44,HomoSapiens,GNL3L,NLNCCSVPV,HLA-A*02:01,140,70
45,CMV,pp65,NLVPMVATV,HLA-A*02:01,1370,685
46,CMV,IE1,QIKVRVKMV,HLA-B*08:01,60,30
47,HIV-1,Nef,QVPLRPMTYK,HLA-A*03:01,66,33
48,CMV,pp65,QYDPVAALF,HLA-A*24:02,62,31
49,EBV,BZLF1,RAKFKQLL,HLA-B*08:01,440,220
50,MCMV,IE3,RALEYKNL,H-2Kb,46,23
51,Herpes simplex virus 1 (HSV1),-,RDAMDRIF,H-2bxH-2z,50,25
52,VSV,N,RGYVYQGL,H-2Kb,40,20
53,Neoantigen,-,RLGPYLEFL,HLA-A2,40,20
54,HIV-1,Gag,RLRPGGKKK,HLA-A*03:01,40,20
55,CMV,pp65,RPHERNGFTVL,HLA-B*07:02,412,206
56,EBV,EBNA3A,RPPIFIRRL,HLA-B*07:02,56,28
57,HSV-2,UL49,RPRGEVRFL,HLA-B*07:02,84,42
58,HIV-1,Nef,RYPLTFGWCF,HLA-A*24:02:84,62,31
59,HTLV-1,Tax,SFHSLHLLF,HLA-A*24:02,276,138
60,HIV-1,Gag,SLYNTVATL,HLA-A*02:01,62,31
61,PlasmodiumBerghei,GAP50,SQLLNAKYL,H-2Db,58,29
62,IAV,PA,SSLENFRAYV,H2-Db,840,420
63,mCMV,M38,SSPPMFRV,H2-Kb,148,74
64,IAV,PB1,SSYRRPVGI,H2-Kb,686,343
65,SIV,Tat,STPESANL,Mamu-A*01,138,69
66,Plasmodium berghei,-,SYIPSAEKI,H-2Kd,54,27
67,HIV-1,Nef,TPGPGVRYPL,HLA-B*07:02,124,62
68,HIV-1,Gag,TPQDLNTML,HLA-B*42,150,75
69,CMV,pp65,TPRVTGGGAM,HLA-B*07:02,696,348
70,SIV,Tat,TTPESANL,Mamu-A*01,228,114
71,mCMV,m139,TVYGFCLL,H2-Kb,146,73
72,Tumor,-,VITAFTEGLK,H-2k,46,23
73,CMV,pp50,VTEHDTLLY,HLA-A*01:01,546,273
74,Neoantigen,-,VVLSWAPPV,HLA-A2,60,30
75,HomoSapiens,FNDC3B,VVMSWAPPV,HLA-A*02:01,52,26
76,CMV,pp65,YSEHPTFTSQY,HLA-A*01:01,126,63
77,EBV,BRLF1,YVLDHLIVV,HLA-A*02:01,184,92
