,name,peptide
NYESO1V165,NYESO1V165,SLLMWITQV
ADISVA,ADISVA,SVASTITGV
BRAAG,BRAAG,WLLPGTSTV
BRANA,BRANA,WLLPGTSTL
CD1LLG,CD1LLG,LLGATCMFV
GP100IMD,GP100IMD,IMDQVPFSV
GP100AML,GP100AML,AMLGTHTMEV
GP100ITD,GP100ITD,ITDQVPFSV
GP100KTW,GP100KTW,KTWGQYWQV
GP100YLE,GP100YLE,YLEPGPVTA
GPCFVG,GPCFVG,FVGEFFTDV
HAFPFMN,HAFPFMN,FMNKFIYEI
HAFPGLS,HAFPGLS,GLSPNLNRFL
MAGEA10GLY,MAGEA10GLY,GLYDGMEHL
MAGEC2LLF,MAGEC2LLF,LLFGLALIEV
MART1A2L,MART1A2L,ELAGIGILTV
MART1ALM,MART1ALM,ALMDKSLHV
MG50CMH,MG50CMH,CMHLLLEAV
NYESO19A,NYESO19A,SLLMWITQA
TYRYMD,TYRYMD,YMDGTMSQV
TYRCLL,TYRCLL,CLLWSFQTSA
WT1RMF,WT1RMF,RMFPNAPYL
AGLGLI,AGLGLI,QLIPCMDVV
EF2ILT,EF2ILT,ILTDITKGV
FBAALS,FBAALS,ALSDHHIYL
HAVLH,HAVLH,VLHDDLLEA
KERALL,KERALL,ALLNIKVKL
L19ILM,L19ILM,ILMEHIHKL
PD5KLS,PD5KLS,KLSEGDLLA
PP1SII,PP1SII,SIIGRLLEV
DDX5YLL,DDX5YLL,YLLPAIVHI
SMCYFID,SMCYFID,FIDSYICQV
SNPGIML,SNPGIML,IMLEALERV
GADRMM,GADRMM,RMMEYGTTMV
GAD65VMN,GAD65VMN,VMNILLQYVV
GFAPNLA,GFAPNLA,NLAQTDLATV
HCHGALLC,HCHGALLC,LLCAGQVTAL
HCHGATLS,HCHGATLS,TLSKPSPMPV
IA2MVW,IA2MVW,MVWESGCTV
IA2VIV,IA2VIV,VIVMLTPLV
IA2SLY,IA2SLY,SLYHVYEVNL
IA2SLS,IA2SLS,SLSPLQAEL
IA2SLA,IA2SLA,SLAAGVKLL
IAPPKLQ,IAPPKLQ,KLQVFLIVL
IAPPFLI,IAPPFLI,FLIVLSVAL
IGRPVLF,IGRPVLF,VLFGLGFAI
IGRPRLL,IGRPRLL,RLLCALTSL
IGRPFLW,IGRPFLW,FLWSVFMLI
IGRPFLF,IGRPFLF,FLFAVGFYL
INSHLV,INSHLV,HLVEALYLV
INSSHL,INSSHL,SHLVEALYLV
DRIPMLY,DRIPMLY,MLYQHLLPL
PPI1523,PPI1523,ALWGPDPAA
PPI1524,PPI1524,ALWGPDPAAA
PPIRLL,PPIRLL,RLLPLLALL
PPIALWM,PPIALWM,ALWMRLLPL
ZNT8VAA,ZNT8VAA,VAANIVLTV
ZNT8LLI,ZNT8LLI,LLIDLTSFLL
ZNT8LLS,ZNT8LLS,LLSLFSLWL
ZNT8VVT,ZNT8VVT,VVTGVLVYL
ZNT8VMI,ZNT8VMI,VMIIVSSLAV
ZNT8ILA,ZNT8ILA,ILAVDGVLSV
HCVK1S,HCVK1S,SLVALGINAV
HCVK1Y,HCVK1Y,YLVALGINAV
HCVK1Y17V,HCVK1Y17V,YLVALGVNAV
HCVL2I,HCVL2I,KIVALGINAV
HCVKLVWT,HCVKLVWT,KLVALGINAV
CMVVLE,CMVVLE,VLEETSVML
CMVMLN,CMVMLN,MLNIPSINV
CMVNLV,CMVNLV,NLVPMVATV
EBVGLC,EBVGLC,GLCTLVAML
EBVYVL,EBVYVL,YVLDHLIVV
EBVYLQ,EBVYLQ,YLQQNWWTL
EBVCLG,EBVCLG,CLGGLLTMV
EBVFLY,EBVFLY,FLYALALLL
HCVFLP,HCVFLP,FLPSDFFPSV
HBVWLS,HBVWLS,WLSLLVPFV
HCVYLL,HCVYLL,YLLPRRGPRL
HCVCIN,HCVCIN,CINGVCWTV
HCVLLF,HCVLLF,LLFNILGGWV
HIVILK,HIVILK,ILKEPVHGV
HIVSLY,HIVSLY,SLYNTVATL
HPVYML,HPVYML,YMLDLQPETT
HSVSLP,HSVSLP,SLPITVYYA
HTLVGLL,HTLVGLL,GLLSLEEEL
HTLVLLF,HTLVLLF,LLFGYPVYV
IVAIM,IVAIM,AIMDKNIIL
IVGIL,IVGIL,GILGFVFTL
IVPAFMY,IVPAFMY,FMYSDFHFI
MEASMY,MEASMY,SMYRVFEVGV
MEAILP,MEAILP,ILPGQDLQYV
YFVLLW,YFVLLW,LLWNGPMAV
ALADHVLM,ALADHVLM,VLMGGVPGVE
GLNSGLL,GLNSGLL,GLLHHAPSL
SODADMW,SODADMW,DMWEHAFYL
HCVA9N,HCVA9N,KLVALGINNV
WDR46,WDR46,FLTYLDVSV
AHNAK,AHNAK,SMPDFDLHL
COL18A1,COL18A1,VLLGVKLSGV
ERBB2,ERBB2,ALIHHNTHL
TEAD1VLE,TEAD1VLE,VLENFTILLV
TEAD1SVL,TEAD1SVL,SVLENFTILL
NSDHL,NSDHL,ILTGLNYEA
GANAB,GANAB,ALYGSVPVL
FNDC3B,FNDC3B,VVLSWAPPV
GCN1L1,GCN1L1,ALLETLSLLL
MLL2,MLL2,ALSPVIPLI
SMARCD3,SMARCD3,KLFEFLVHGV
GNL3L,GNL3L,NLNRCSVPV
USP28,USP28,LIIPCIHLI
MRM1,MRM1,LLFGMTPCL
SNX24,SNX24,KLSHQPVLL
PGM5,PGM5,AVGSHVYSV
SEC24A,SEC24A,FLYNPLTRV
AKAP13,AKAP13,KLMNIQQQL
PABPC1,PABPC1,MLGERLFPL
WDR46T3I,WDR46T3I,FLIYLDVSV
AHNAKS1F,AHNAKS1F,FMPDFDLHL
COL18A1S8F,COL18A1S8F,VLLGVKLFGV
ERBB2H8Y,ERBB2H8Y,ALIHHNTYL
TEAD1L8F,TEAD1L8F,VLENFTIFLV
TEAD1L9F,TEAD1L9F,SVLENFTIFL
NSDHLA9V,NSDHLA9V,ILTGLNYEV
GANABS5F,GANABS5F,ALYGFVPVL
FNDC3BL3M,FNDC3BL3M,VVMSWAPPV
GCN1L1L6P,GCN1L1L6P,ALLETPSLLL
MLL2L8H,MLL2L8H,ALSPVIPHI
SMARCD3H8Y,SMARCD3H8Y,KLFEFLVYGV
GNL3LR4C,GNL3LR4C,NLNCCSVPV
USP28C5F,USP28C5F,LIIPFIHLI
MRM1T6P,MRM1T6P,LLFGMPPCL
SNX24P6L,SNX24P6L,KLSHQLVLL
PGM5H5Y,PGM5H5Y,AVGSYVYSV
SEC24AP5L,SEC24AP5L,FLYNLLTRV
AKAP13Q8K,AKAP13Q8K,KLMNIQQKL
PABPC1R5Q,PABPC1R5Q,MLGEQLFPL
MAGEA3KVAE,MAGEA3KVAE,KVAELVHFL
MAGEA12KMAE,MAGEA12KMAE,KMAELVHFL
MAGEA2KMVE,MAGEA2KMVE,KMVELVHFL
MAGEA6KVAK,MAGEA6KVAK,KVAKLVHFL
A2ML1YLDK7R,A2ML1YLDK7R,YLDELIRNT
AGFG2FLQS4S,AGFG2FLQS4S,FLQFRGNEV
AGXT2L2ILTM5I,AGXT2L2ILTM5I,ILTDIEEKV
AHNAKSMPS1F,AHNAKSMPS1F,FMPDFDLHL
AKAP13KLMQ8K,AKAP13KLMQ8K,KLMNIQQKL
APBB2GMLL3F,APBB2GMLL3F,GMFPVDKPV
APBB2VQYL7F,APBB2VQYL7F,VQYLGMFPV
APCDD1LRLPR1W,APCDD1LRLPR1W,WLPHVEYEL
ATP6AP1KLGG3W,ATP6AP1KLGG3W,KLWASPLHV
BAIAP3ILNV6I,BAIAP3ILNV6I,ILNVDIFTL
BCL9LFVYT6I,BCL9LFVYT6I,FVYVFITHL
BTBD1FMLLI,BTBD1FMLLI,FMLLTQARI
C15orf32MLSG9R,C15orf32MLSG9R,MLSILALVRV
C17orf75ALSV7A,C17orf75ALSV7A,ALSYTPAEV
C1S10N1H,C1S10N1H,HLMDGDLGLI
C1S9N1H,C1S9N1H,HLMDGDLGL
C3orf58LMVL4P,C3orf58LMVL4P,LMVPHSPSL
CAMK1DKLFK8N,CAMK1DKLFK8N,KLFEQILNA
CCM2YMLR6H,CCM2YMLR6H,YMLTLHTKL
CD47GLTV6F,CD47GLTV6F,GLTSFFIAI
CDC37L1FLSP6L,CDC37L1FLSP6L,FLSDHLYLV
CELSR1YLFF3L,CELSR1YLFF3L,YLLAIFSGL
CHD8KLNP7A,CHD8KLNP7A,KLNTITAVV
CHST13VLVV1M,CHST13VLVV1M,MLVDDAHGL
CHST14MLMF4L,CHST14MLMF4L,MLMLAVIVA
CLCN4LLAG8V,CLCN4LLAG8V,LLAGTLAVV
CNKSR1SLAA9V,CNKSR1SLAA9V,SLAPLSPRV
COL18A1VLLS8F,COL18A1VLLS8F,VLLGVKLFGV
DCHS1TLFI5M,DCHS1TLFI5M,TLFTMVGTV
DHX33LLAK5T,DHX33LLAK5T,LLAMTVPNV
DHX33LLAM4I,DHX33LLAM4I,LLAIKVPNV
DNAH8FMTG7D,DNAH8FMTG7D,FMTKINDLEV
DOCK7FLNM9L,DOCK7FLNM9L,FLNDLLSVL
DOLPP1GLMA4V,DOLPP1GLMA4V,GLMVIAWFI
DRAM1FIII3F,DRAM1FIII3F,FIFSYVVAV
ERBB2ALIH8Y,ERBB2ALIH8Y,ALIHHNTYL
EXOC3L4ILLV9I,EXOC3L4ILLV9I,ILLDWAANI
FAM47BALFA1S,FAM47BALFA1S,SLFSELSPV
FBXL4SLLL2V,FBXL4SLLL2V,SVLEYYTEL
FLNAHIAP6L,FLNAHIAP6L,HIAKSLFEV
FNDC3BVVLL3M,FNDC3BVVLL3M,VVMSWAPPV
GABRG3TAML5I,GABRG3TAML5I,TAMDIFVTV
GABRG3YVTL7I,GABRG3YVTL7I,YVTAMDIFV
GALCYVVV3L,GALCYVVV3L,YVLTWIVGA
GANABALYS5F,GANABALYS5F,ALYGFVPVL
GCN1L110L6P,GCN1L110L6P,ALLETPSLLL
GCN1L19L6P,GCN1L19L6P,ALLETPSLL
GLRA1LIFF6L,GLRA1LIFF6L,LIFNMLYWI
GOLGA3SLDP4L,GOLGA3SLDP4L,SLDLTTSPV
GPR137BKMSS3P,GPR137BKMSS3P,KMPLANIYL
GPR174FSFP4S,GPR174FSFP4S,FSFSLDFLV
GSTA4FLQE4K,GSTA4FLQE4K,FLQKYTVKL
HAUS3ILNT7A,HAUS3ILNT7A,ILNAMIAKI
HBZKLSA7T,HBZKLSA7T,KLSELHTYI
HERC1SLLPS,HERC1SLLPS,SLLLLSVSV
HLADRB5YMAKE,HLADRB5YMAKE,YMAELTVTL
HOXC9YMYG4D,HOXC9YMYG4D,YMYDSPGEL
HTR1F10V1M,HTR1F10V1M,MMPFSIVYIV
HTR1F9V1M,HTR1F9V1M,MMPFSIVYI
HTR1FLVMV2M,HTR1FLVMV2M,LMMPFSIVYI
IGF1TMSS4F,IGF1TMSS4F,TMSFSHLFYL
IL17RAFITTM,IL17RAFITTM,FIMGISILL
INTS1VLLL3F,INTS1VLLL3F,VLFHRAFLV
IPO9FSSE4D,IPO9FSSE4D,FSSDVLNLV
ITIH6RLGG3V,ITIH6RLGG3V,RLVPYLEFL
KAT6AKLSMK,KAT6AKLSMK,KLSREIKPV
KCNB2LLAP6T,KCNB2LLAP6T,LLAILTYYV
KCNC3FLPA7V,KCNC3FLPA7V,FLPDLNVNA
KIF20BYTSS6L,KIF20BYTSS6L,YTSEILSPI
LCP1NLFPL,LCP1NLFPL,NLFNRYLAL
MAR1110F1L,MAR1110F1L,LLIASVTWLL
MAR119F1L,MAR119F1L,LLIASVTWL
ME1FLDA8G,ME1FLDA8G,FLDEFMEGV
MLL2ALSL8H,MLL2ALSL8H,ALSPVIPHI
MPV17YLWA5P,MPV17YLWA5P,YLWPPVQLA
MRGPRFRLWR1W,MRGPRFRLWR1W,WLWEPLRVV
MRM110T6P,MRM110T6P,LLFGMPPCLL
MRM19T6P,MRM19T6P,LLFGMPPCL
MYH4GLDD3N,MYH4GLDD3N,GLNETIAKL
MYPNRVIR1L,MYPNRVIR1L,LVIGMPPPV
NBPF24LLDE6G,NBPF24LLDE6G,LLDEKGPEV
NOS1FIDD3Y,NOS1FIDD3Y,FIYQYYSSI
NSDHLILTA9V,NSDHLILTA9V,ILTGLNYEV
OASLILDDN,OASLILDDN,ILNPADPTL
OR10A3ILIV6F,OR10A3ILIV6F,ILIVMFPFL
OR14C36FMLV6L,OR14C36FMLV6L,FMLYLLTLM
OR1G1FLFT8M,OR1G1FLFT8M,FLFMYLVMV
OR2T1FLNF5L,OR2T1FLNF5L,FLNVLFPLL
OR5K2YIFGE,OR5K2YIFGE,YIFLENLAL
OR5M3KMVT8N,OR5M3KMVT8N,KMVAVFYNT
OR6F1VLNT8M,OR6F1VLNT8M,VLNPFIYML
OR8B8YVNV2L,OR8B8YVNV2L,YLNELVVFV
OR8D410G3E,OR8D410G3E,FLEIYTVTVV
OR8D49G3E,OR8D49G3E,FLEIYTVTV
OR9Q2FLFS8F,OR9Q2FLFS8F,FLFTFFAFI
OR9Q2SIDS1F,OR9Q2SIDS1F,FIDCYLLAI
OVOL1SLLL9V,OVOL1SLLL9V,SLLQGSPHV
PABPC1MLGR5Q,PABPC1MLGR5Q,MLGEQLFPL
PCDHB3FLFSL,PCDHB3FLFSL,FLFLVLLFV
PELP1LVLL3F,PELP1LVLL3F,LVFPLVMGV
PELP1RLHL7F,PELP1RLHL7F,RLHDLVFPL
PGM5AVGH5Y,PGM5AVGH5Y,AVGSYVYSV
PHKA2LLSSF,PHKA2LLSSF,LLSIIFFPA
PIGNFLTP7H,PIGNFLTP7H,FLTVFSHFM
PLXNB1VLFV1L,PLXNB1VLFV1L,LLFAAFSSA
PRSS16LLLL1Q,PRSS16LLLL1Q,QLLVSLWGL
PTCHD4HQLG5V,PTCHD4HQLG5V,HQLGVVVEV
PXDNLSILS1F,PXDNLSILS1F,FILDAVQRV
REV3LKLSR6H,REV3LKLSR6H,KLSEYHNSL
RRP1BLLAL7F,RRP1BLLAL7F,LLADQNFKFI
RYR3VLNE6K,RYR3VLNE6K,VLNYFKPYL
SCN3AALVP7S,SCN3AALVP7S,ALVGAISSI
SEC24AFLYP5L,SEC24AFLYP5L,FLYNLLTRV
SH3RF2HMVMI,SH3RF2HMVMI,HIVEISTPV
SHROOM2KLLD6V,SHROOM2KLLD6V,KLLAGVEIV
SLC15A2ILGG4E,SLC15A2ILGG4E,ILGEQVVHTV
SLC16A7AMAP6L,SLC16A7AMAP6L,AMAGSLVFL
SLC1A2YMSS3P,SLC1A2YMSS3P,YMPTTIIAA
SLC2A3ILVL9M,SLC2A3ILVL9M,ILVAQIFGM
SLC2A4ILIA4T,SLC2A4ILIA4T,ILITQVLGL
SLC38A1RIWW3L,SLC38A1RIWW3L,RILAALFLGL
SLC39A4LLGG4S,SLC39A4LLGG4S,LLGSWTVLL
SMARCD3KLFH8Y,SMARCD3KLFH8Y,KLFEFLVYGV
SMOXKLAKN,SMOXKLAKN,KLANPLPYT
SNX24KLSP6L,SNX24KLSP6L,KLSHQLVLL
SPOPN147IFLLN7I,SPOPN147IFLLN7I,FLLDEAIGL
SREBF1YLQL6M,SREBF1YLQL6M,YLQDSMATT
SSPN10S9F,SSPN10S9F,FLMASISSFL
SSPN9S9F,SSPN9S9F,FLMASISSF
SSPNLMAS8F,SSPNLMAS8F,LMASISSFL
ST6GALNAC2LLFY6H,ST6GALNAC2LLFY6H,LLFALHFSA
STOX1RLMM3I,STOX1RLMM3I,RLIKHYPGI
TAS1R2FMSA4S,TAS1R2FMSA4S,FMSSYSGVL
TBX3GMGT8M,TBX3GMGT8M,GMGPLLAMV
TEAD1SVLL9F,TEAD1SVLL9F,SVLENFTIFL
TEAD1VLEL8F,TEAD1VLEL8F,VLENFTIFLV
TEX2FLMK8N,TEX2FLMK8N,FLMTLETNM
TMEM127VTFL9V,TMEM127VTFL9V,VTFAVSFYVV
TMEM195ALSS3L,TMEM195ALSS3L,ALLQVTLLL
TP73YTPP3S,TP73YTPP3S,YTSEHAASV
TPP2SLAWL,TPP2SLAWL,SLAETFLET
TRIM16RMAR1T,TRIM16RMAR1T,TMAAISNTV
TRIM58VLAV1F,TRIM58VLAV1F,FLASPSVPL
TRIM58YMVV3F,TRIM58YMVV3F,YMFLASPSV
TRPC1MLLQ5H,TRPC1MLLQ5H,MLLKHDVSL
TRPV3LLLA8V,TRPV3LLLA8V,LLLNMLIVL
TRPV4FMIA6T,TRPV4FMIA6T,FMIGYTSAL
TRPV4YLLA9T,TRPV4YLLA9T,YLLFMIGYT
TTLL12KLPN7D,TTLL12KLPN7D,KLPLDIDPV
UNC13ASQLS1F,UNC13ASQLS1F,FQLNQSFEI
USP28LIIC5F,USP28LIIC5F,LIIPFIHLI
VN1R2LMLL3F,VN1R2LMLL3F,LMFWASSSI
VN1R5MIIS7Y,VN1R5MIIS7Y,MIISHLYLI
WDR46FLTT3I,WDR46FLTT3I,FLIYLDVSV
ZDHHC17LLLT4I,ZDHHC17LLLT4I,LLLIFNVSV
ZDHHC7SLLP7L,ZDHHC7SLLP7L,SLLWMNLFV
ZFP90FTQEK,ZFP90FTQEK,FTQEKWYHV
ZNF827NLFS4I,ZNF827NLFS4I,NLFIQDISV
HCVKLVPE,HCVKLVPE,KLVALGINAV
HCVKLVAPC,HCVKLVAPC,KLVALGINAV
EMPTY,EMPTY,
CHST13VLV,CHST13VLV,VLVDDAHGL
A2ML1YLDWT,A2ML1YLDWT,YLDELIKNT
AGFG2FLQ,AGFG2FLQ,FLQSRGNEV
AGXT2L2ILT,AGXT2L2ILT,ILTDMEEKV
AHNAKSMP,AHNAKSMP,SMPDFDLHL
AKAP13KLM,AKAP13KLM,KLMNIQQQL
APBB2GML,APBB2GML,GMLPVDKPV
APBB2VQY,APBB2VQY,VQYLGMLPV
APCDD1LRLP,APCDD1LRLP,RLPHVEYEL
ATP6AP1KLG,ATP6AP1KLG,KLGASPLHV
BAIAP3ILN,BAIAP3ILN,ILNVDVFTL
BCL9LFVY,BCL9LFVY,FVYVFTTHL
BTBD1FML,BTBD1FML,FMLLTQARL
C15orf32MLS,C15orf32MLS,MLSILALVGV
C17orf75ALS,C17orf75ALS,ALSYTPVEV
C1S10,C1S10,NLMDGDLGLI
C1S9,C1S9,NLMDGDLGL
C3orf58LMV,C3orf58LMV,LMVLHSPSL
CAMK1DKLF,CAMK1DKLF,KLFEQILKA
CCM2YML,CCM2YML,YMLTLRTKL
CD47GLT,CD47GLT,GLTSFVIAI
CDC37L1FLS,CDC37L1FLS,FLSDHPYLV
CELSR1YLF,CELSR1YLF,YLFAIFSGL
CHD8KLN,CHD8KLN,KLNTITPVV
CHST14MLM,CHST14MLM,MLMFAVIVA
CLCN4LLA,CLCN4LLA,LLAGTLAGV
CNKSR1SLA,CNKSR1SLA,SLAPLSPRA
COL18A1VLL,COL18A1VLL,VLLGVKLSGV
DCHS1TLF,DCHS1TLF,TLFTIVGTV
DHX33LLA,DHX33LLA,LLAMKVPNV
DNAH8FMT,DNAH8FMT,FMTKINGLEV
DOCK7FLN,DOCK7FLN,FLNDLLSVM
DOLPP1GLM,DOLPP1GLM,GLMAIAWFI
DRAM1FII,DRAM1FII,FIISYVVAV
ERBB2ALI,ERBB2ALI,ALIHHNTHL
EXOC3L4ILL,EXOC3L4ILL,ILLDWAANV
FAM47BALF,FAM47BALF,ALFSELSPV
FBXL4SLL,FBXL4SLL,SLLEYYTEL
FLNAHIA,FLNAHIA,HIAKSPFEV
FNDC3BVVL,FNDC3BVVL,VVLSWAPPV
GABRG3TAM,GABRG3TAM,TAMDLFVTV
GABRG3YVT,GABRG3YVT,YVTAMDLFV
GALCYVV,GALCYVV,YVVTWIVGA
GANABALY,GANABALY,ALYGSVPVL
GCN1L110,GCN1L110,ALLETLSLLL
GCN1L19,GCN1L19,ALLETLSLL
GLRA1LIF,GLRA1LIF,LIFNMFYWI
GOLGA3SLD,GOLGA3SLD,SLDPTTSPV
GPR137BKMS,GPR137BKMS,KMSLANIYL
GPR174FSF,GPR174FSF,FSFPLDFLV
GSTA4FLQ,GSTA4FLQ,FLQEYTVKL
HAUS3ILN,HAUS3ILN,ILNAMITKI
HBZKLS,HBZKLS,KLSELHAYI
HERC1SLL,HERC1SLL,SLLLLPVSV
HLADRB5YMA,HLADRB5YMA,YMAKLTVTL
HOXC9YMY,HOXC9YMY,YMYGSPGEL
HTR1F10,HTR1F10,VMPFSIVYIV
HTR1F9,HTR1F9,VMPFSIVYI
HTR1FLVM,HTR1FLVM,LVMPFSIVYI
IGF1TMS,IGF1TMS,TMSSSHLFYL
IL17RAFIT,IL17RAFIT,FITGISILL
INTS1VLL,INTS1VLL,VLLHRAFLV
IPO9FSS,IPO9FSS,FSSEVLNLV
ITIH6RLG,ITIH6RLG,RLGPYLEFL
KAT6AKLS,KAT6AKLS,KLSREIMPV
KCNB2LLA,KCNB2LLA,LLAILPYYV
KCNC3FLP,KCNC3FLP,FLPDLNANA
KIF20BYTS,KIF20BYTS,YTSEISSPI
LCP1NLF,LCP1NLF,NLFNRYPAL
MAR1110,MAR1110,FLIASVTWLL
MAR119,MAR119,FLIASVTWL
ME1FLD,ME1FLD,FLDEFMEAV
MLL2ALS,MLL2ALS,ALSPVIPLI
MPV17YLW,MPV17YLW,YLWPAVQLA
MRGPRFRLW,MRGPRFRLW,RLWEPLRVV
MRM110,MRM110,LLFGMTPCLL
MRM19,MRM19,LLFGMTPCL
MYH4GLD,MYH4GLD,GLDETIAKL
MYPNRVI,MYPNRVI,RVIGMPPPV
NBPF24LLD,NBPF24LLD,LLDEKEPEV
NOS1FID,NOS1FID,FIDQYYSSI
NSDHLILT,NSDHLILT,ILTGLNYEA
OASLILD,OASLILD,ILDPADPTL
OR10A3ILI,OR10A3ILI,ILIVMVPFL
OR14C36FML,OR14C36FML,FMLYLVTLM
OR1G1FLF,OR1G1FLF,FLFMYLVTV
OR2T1FLN,OR2T1FLN,FLNVFFPLL
OR5K2YIF,OR5K2YIF,YIFLGNLAL
OR5M3KMV,OR5M3KMV,KMVAVFYTT
OR6F1VLN,OR6F1VLN,VLNPFIYTL
OR8B8YVN,OR8B8YVN,YVNELVVFV
OR8D410,OR8D410,FLGIYTVTVV
OR8D49,OR8D49,FLGIYTVTV
OR9Q2FLF,OR9Q2FLF,FLFTFFASI
OR9Q2SID,OR9Q2SID,SIDCYLLAI
OVOL1SLL,OVOL1SLL,SLLQGSPHL
PABPC1MLG,PABPC1MLG,MLGERLFPL
PCDHB3FLF,PCDHB3FLF,FLFSVLLFV
PELP1LVL,PELP1LVL,LVLPLVMGV
PELP1RLH,PELP1RLH,RLHDLVLPL
PGM5AVG,PGM5AVG,AVGSHVYSV
PHKA2LLS,PHKA2LLS,LLSIISFPA
PIGNFLT,PIGNFLT,FLTVFSPFM
PLXNB1VLF,PLXNB1VLF,VLFAAFSSA
PRSS16LLL,PRSS16LLL,LLLVSLWGL
PTCHD4HQL,PTCHD4HQL,HQLGGVVEV
PXDNLSIL,PXDNLSIL,SILDAVQRV
REV3LKLS,REV3LKLS,KLSEYRNSL
RRP1BLLA,RRP1BLLA,LLADQNLKFI
RYR3VLN,RYR3VLN,VLNYFEPYL
SCN3AALV,SCN3AALV,ALVGAIPSI
SEC24AFLY,SEC24AFLY,FLYNPLTRV
SH3RF2HMV,SH3RF2HMV,HMVEISTPV
SHROOM2KLL,SHROOM2KLL,KLLAGDEIV
SLC15A2ILG,SLC15A2ILG,ILGGQVVHTV
SLC16A7AMA,SLC16A7AMA,AMAGSPVFL
SLC1A2YMS,SLC1A2YMS,YMSTTIIAA
SLC2A3ILV,SLC2A3ILV,ILVAQIFGL
SLC2A4ILI,SLC2A4ILI,ILIAQVLGL
SLC38A1RIW,SLC38A1RIW,RIWAALFLGL
SLC39A4LLG,SLC39A4LLG,LLGGWTVLL
SMARCD3KLF,SMARCD3KLF,KLFEFLVHGV
SMOXKLA,SMOXKLA,KLAKPLPYT
SNX24KLS,SNX24KLS,KLSHQPVLL
SPOPN147IFLL,SPOPN147IFLL,FLLDEANGL
SREBF1YLQ,SREBF1YLQ,YLQDSLATT
SSPN10,SSPN10,FLMASISSSL
SSPN9,SSPN9,FLMASISSS
SSPNLMA,SSPNLMA,LMASISSSL
ST6GALNAC2LLF,ST6GALNAC2LLF,LLFALYFSA
STOX1RLM,STOX1RLM,RLMKHYPGI
TAS1R2FMS,TAS1R2FMS,FMSAYSGVL
TBX3GMG,TBX3GMG,GMGPLLATV
TEX2FLM,TEX2FLM,FLMTLETKM
TMEM127VTF,TMEM127VTF,VTFAVSFYLV
TMEM195ALS,TMEM195ALS,ALSQVTLLL
TP73YTP,TP73YTP,YTPEHAASV
TPP2SLA,TPP2SLA,SLAETFWET
TRIM16RMA,TRIM16RMA,RMAAISNTV
TRIM58VLA,TRIM58VLA,VLASPSVPL
TRIM58YMV,TRIM58YMV,YMVLASPSV
TRPC1MLL,TRPC1MLL,MLLKQDVSL
TRPV3LLL,TRPV3LLL,LLLNMLIAL
TRPV4FMI,TRPV4FMI,FMIGYASAL
TRPV4YLL,TRPV4YLL,YLLFMIGYA
TTLL12KLP,TTLL12KLP,KLPLDINPV
UNC13ASQL,UNC13ASQL,SQLNQSFEI
USP28LII,USP28LII,LIIPCIHLI
VN1R2LML,VN1R2LML,LMLWASSSI
VN1R5MII,VN1R5MII,MIISHLSLI
WDR46FLT,WDR46FLT,FLTYLDVSV
ZDHHC17LLL,ZDHHC17LLL,LLLTFNVSV
ZDHHC7SLL,ZDHHC7SLL,SLLWMNPFV
ZFP90FTQ,ZFP90FTQ,FTQEEWYHV
ZNF827NLF,ZNF827NLF,NLFSQDISV
